provincia,canton,codigo_canton,total_homicidios,latitud,longitud,femicidios,asesinatos,sicariatos,homicidios_2023,homicidios_2024,homicidios_2025,homicidios_2026,poblacion_miles,homicide_rate_2024,homicide_rate_2025,homicide_rate_2026_proj
Azuay,Camilo Ponce Enríquez,115,178,-2.838,-79.447,4,154,0,28,59,12,1,50,118.0,24.0,4.0
Azuay,Chordeleg,111,4,-2.197,-78.65,0,4,0,0,0,0,3,50,0.0,0.0,12.0
Azuay,Cuenca,101,325,-2.9006,-79.0045,25,217,5,24,18,22,18,600,3.0,3.7,6.0
Azuay,El Pan,112,2,-2.632,-78.805,1,0,0,0,0,0,0,50,0.0,0.0,0.0
Azuay,Girón,102,5,-2.726,-78.602,0,4,0,0,1,0,0,50,2.0,0.0,0.0
Azuay,Guachapala,114,1,-2.774,-78.713,1,0,0,0,0,0,0,50,0.0,0.0,0.0
Azuay,Gualaceo,103,15,-2.889,-78.779,2,8,0,1,1,1,0,50,2.0,2.0,0.0
Azuay,Nabón,104,8,-2.488,-78.766,1,3,0,0,0,1,0,50,0.0,2.0,0.0
Azuay,Paute,105,5,-2.757,-78.736,1,3,0,0,1,0,0,50,2.0,0.0,0.0
Azuay,Pucará,106,12,-2.742,-79.01,0,10,0,2,6,0,0,50,12.0,0.0,0.0
Azuay,San Fernando,107,1,-3.095,-79.29,0,1,0,0,0,0,0,50,0.0,0.0,0.0
Azuay,Santa Isabel,108,15,-3.137,-79.259,1,12,0,1,4,2,0,50,8.0,4.0,0.0
Azuay,Sevilla De Oro,113,2,-2.778,-78.649,0,0,0,0,0,0,0,50,0.0,0.0,0.0
Azuay,Sígsig,109,10,-2.744,-78.56,3,5,0,2,1,1,0,50,2.0,2.0,0.0
Bolívar,Caluma,206,20,-1.219,-79.065,5,12,1,2,3,2,0,50,6.0,4.0,0.0
Bolívar,Chillanes,202,22,-1.933,-79.063,1,17,0,5,1,9,0,50,2.0,18.0,0.0
Bolívar,Chimbo,203,10,-1.331,-79.065,0,8,0,0,4,0,1,50,8.0,0.0,4.0
Bolívar,Echeandía,204,12,-0.724,-79.094,2,7,3,0,2,2,0,50,4.0,4.0,0.0
Bolívar,Guaranda,201,55,-1.593,-79.006,3,43,0,6,8,3,2,86,9.3,3.5,4.7
Bolívar,Las Naves,207,48,-1.242,-79.367,0,48,0,6,11,21,8,50,22.0,42.0,32.0
Bolívar,San Miguel,205,20,-1.676,-79.145,2,14,0,5,1,0,0,50,2.0,0.0,0.0
Carchi,Bolívar,402,10,0.503,-77.923,0,7,0,11,3,8,5,50,6.0,16.0,20.0
Carchi,Espejo,403,5,0.641,-77.946,1,2,0,0,0,0,0,50,0.0,0.0,0.0
Carchi,Mira,404,9,0.648,-78.153,1,5,0,0,0,2,0,50,0.0,4.0,0.0
Carchi,Montúfar,405,20,0.534,-77.721,5,5,0,0,3,2,1,50,6.0,4.0,4.0
Carchi,San Pedro De Huaca,406,2,0.598,-77.728,0,1,0,0,0,1,0,50,0.0,2.0,0.0
Carchi,Tulcán,401,66,0.777,-77.72,7,36,0,13,5,8,5,96,5.2,8.3,10.4
Cañar,Azogues,301,56,-2.741,-78.847,3,47,0,11,6,10,3,83,7.2,12.0,7.2
Cañar,Biblián,302,13,-2.705,-78.895,1,8,0,1,0,5,0,50,0.0,10.0,0.0
Cañar,Cañar,303,22,-2.467,-78.94,2,16,0,2,3,4,2,50,6.0,8.0,8.0
Cañar,Déleg,306,8,-2.605,-78.87,0,8,0,0,3,1,0,50,6.0,2.0,0.0
Cañar,El Tambo,305,4,-2.547,-78.95,0,3,0,1,0,0,0,50,0.0,0.0,0.0
Cañar,La Troncal,304,564,-2.034,-79.339,3,521,6,97,97,79,44,50,194.0,158.0,176.0
Cañar,Suscal,307,1,-2.474,-79.13,0,1,0,0,0,0,0,50,0.0,0.0,0.0
Chimborazo,Alausí,602,16,-2.034,-78.847,1,14,0,1,0,1,0,50,0.0,2.0,0.0
Chimborazo,Chambo,604,5,-1.39,-78.635,2,1,0,0,1,1,0,50,2.0,2.0,0.0
Chimborazo,Chunchi,605,3,-1.489,-78.905,0,1,0,0,0,0,0,50,0.0,0.0,0.0
Chimborazo,Colta,603,8,-1.302,-78.62,2,3,0,0,1,1,0,50,2.0,2.0,0.0
Chimborazo,Cumandá,610,19,-2.088,-79.036,0,18,0,7,0,2,0,50,0.0,4.0,0.0
Chimborazo,Guamote,606,6,-1.341,-78.665,2,2,0,1,0,0,0,50,0.0,0.0,0.0
Chimborazo,Guano,607,19,-1.52,-78.632,1,13,0,2,1,3,1,50,2.0,6.0,4.0
Chimborazo,Pallatanga,608,7,-1.414,-78.782,0,5,0,1,1,0,0,50,2.0,0.0,0.0
Chimborazo,Penipe,609,2,-1.596,-78.52,0,2,0,0,0,2,0,50,0.0,4.0,0.0
Chimborazo,Riobamba,601,101,-1.671,-78.648,10,67,2,14,8,9,4,265,3.0,3.4,3.0
Cotopaxi,La Maná,502,56,-0.938,-79.224,5,47,0,7,5,9,1,50,10.0,18.0,4.0
Cotopaxi,Latacunga,501,191,-0.933,-78.615,19,123,2,13,12,18,15,210,5.7,8.6,14.3
Cotopaxi,Pangua,503,24,-1.046,-79.232,4,17,0,4,3,7,1,50,6.0,14.0,4.0
Cotopaxi,Pujilí,504,14,-0.946,-78.701,2,9,0,3,2,0,2,50,4.0,0.0,8.0
Cotopaxi,Salcedo,505,44,-0.985,-78.62,8,27,0,8,4,4,1,50,8.0,8.0,4.0
Cotopaxi,Saquisilí,506,10,-0.836,-78.67,3,6,0,2,0,3,0,50,0.0,6.0,0.0
Cotopaxi,Sigchos,507,7,-0.671,-78.688,0,4,0,0,1,0,1,50,2.0,0.0,4.0
El Oro,Arenillas,702,178,-3.547,-80.078,0,163,1,44,21,25,37,50,42.0,50.0,148.0
El Oro,Atahualpa,703,5,-3.709,-80.202,0,5,0,1,1,1,0,50,2.0,2.0,0.0
El Oro,Balsas,704,4,-3.762,-79.917,0,2,0,0,0,0,0,50,0.0,0.0,0.0
El Oro,Chilla,705,3,-3.422,-79.56,0,3,0,0,0,0,1,50,0.0,0.0,4.0
El Oro,El Guabo,706,368,-3.247,-79.827,8,336,7,38,85,88,48,50,170.0,176.0,192.0
El Oro,Huaquillas,707,488,-3.473,-80.229,14,451,5,113,62,87,76,52,119.2,167.3,292.3
El Oro,Las Lajas,714,4,-3.552,-79.769,1,3,0,1,0,0,0,50,0.0,0.0,0.0
El Oro,Machala,701,1500,-3.259,-79.962,16,1414,7,243,244,407,223,260,93.8,156.5,171.5
El Oro,Pasaje,709,446,-3.329,-79.804,5,422,2,76,99,83,61,82,120.7,101.2,148.8
El Oro,Piñas,710,14,-3.665,-79.649,1,10,0,2,2,2,1,50,4.0,4.0,4.0
El Oro,Portovelo,711,28,-3.719,-79.552,1,23,0,2,5,2,2,50,10.0,4.0,8.0
El Oro,Santa Rosa,712,351,-3.449,-79.96,5,331,1,48,71,94,67,72,98.6,130.6,186.1
El Oro,Zaruma,713,26,-3.691,-79.609,0,24,0,0,6,6,5,50,12.0,12.0,20.0
Esmeraldas,Atacames,806,165,0.868,-79.841,4,145,0,38,24,22,8,42,57.1,52.4,38.1
Esmeraldas,Eloy Alfaro,802,104,1.247,-78.979,4,94,0,12,14,15,5,40,35.0,37.5,25.0
Esmeraldas,Esmeraldas,801,1567,0.954,-79.656,15,1465,15,315,194,258,117,218,89.0,118.3,107.3
Esmeraldas,Muisne,803,52,0.614,-80.021,1,44,0,7,6,2,7,50,12.0,4.0,28.0
Esmeraldas,Quinindé,804,308,0.332,-79.466,8,266,1,65,27,36,18,135,20.0,26.7,26.7
Esmeraldas,Rioverde,807,111,0.959,-79.524,5,99,1,11,8,15,4,50,16.0,30.0,16.0
Esmeraldas,San Lorenzo,805,273,1.288,-78.838,7,251,0,30,25,17,13,44,56.8,38.6,59.1
Galápagos,Santa Cruz,2003,2,-0.741,-90.315,1,1,0,0,0,0,0,15,0.0,0.0,0.0
Guayas,Alfredo Baquerizo Moreno (Juján),902,112,-1.286,-79.56,3,106,0,24,20,24,13,50,40.0,48.0,52.0
Guayas,Balao,903,180,-2.914,-79.774,1,174,1,44,35,58,5,50,70.0,116.0,20.0
Guayas,Balzar,904,275,-1.366,-79.905,5,256,6,45,34,74,16,53,64.2,139.6,60.4
Guayas,Colimes,905,53,-1.23,-79.988,3,49,0,8,10,8,6,50,20.0,16.0,24.0
Guayas,Coronel Marcelino Maridueña,923,42,-2.129,-79.569,1,38,0,7,12,12,2,50,24.0,24.0,8.0
Guayas,Daule,906,525,-1.868,-79.977,7,498,11,135,91,109,54,180,50.6,60.6,60.0
Guayas,Durán,907,2013,-2.179,-79.831,18,1969,3,461,478,539,178,235,203.4,229.4,151.5
Guayas,El Empalme,908,353,-1.039,-79.629,4,339,2,27,51,96,41,50,102.0,192.0,164.0
Guayas,El Triunfo,909,269,-2.193,-79.358,6,237,20,42,31,16,18,50,62.0,32.0,72.0
Guayas,General Antonio Elizalde,927,38,-2.107,-79.508,1,35,0,5,7,13,5,50,14.0,26.0,20.0
Guayas,Guayaquil,901,11930,-2.189,-79.889,68,11521,43,2382,1967,2569,1098,2720,72.3,94.4,80.7
Guayas,Isidro Ayora,928,38,-1.36,-79.789,1,36,0,3,6,7,8,50,12.0,14.0,32.0
Guayas,Lomas De Sargentillo,924,89,-1.386,-80.036,0,88,1,9,12,32,24,50,24.0,64.0,96.0
Guayas,Milagro,910,510,-2.129,-79.594,17,470,5,153,44,49,23,200,22.0,24.5,23.0
Guayas,Naranjal,911,654,-2.672,-79.616,3,618,11,143,140,142,55,50,280.0,284.0,220.0
Guayas,Naranjito,912,154,-2.238,-79.407,3,145,1,35,22,49,10,50,44.0,98.0,40.0
Guayas,Nobol,925,103,-1.496,-79.612,3,97,2,21,29,18,13,50,58.0,36.0,52.0
Guayas,Palestina,913,60,-1.496,-79.612,1,57,2,16,5,6,3,50,10.0,12.0,12.0
Guayas,Pedro Carbo,914,105,-1.595,-80.246,3,99,0,31,14,13,12,50,28.0,26.0,48.0
Guayas,Playas,921,298,-2.594,-80.389,2,292,1,80,65,88,37,50,130.0,176.0,148.0
Guayas,Salitre,919,137,-1.814,-79.822,3,125,3,16,20,44,23,50,40.0,88.0,92.0
Guayas,Samborondón,916,241,-2.028,-79.724,7,229,0,37,59,41,46,105,56.2,39.0,87.6
Guayas,San Jacinto De Yaguachi,920,353,-2.106,-79.674,4,340,2,98,54,76,22,50,108.0,152.0,88.0
Guayas,Santa Lucía,918,121,-1.564,-79.621,3,116,1,11,22,32,28,50,44.0,64.0,112.0
Guayas,Simón Bolívar,922,108,-1.846,-79.889,2,101,0,12,19,25,21,50,38.0,50.0,84.0
Imbabura,Antonio Ante,1002,18,0.305,-78.142,2,8,0,2,3,1,0,50,6.0,2.0,0.0
Imbabura,Cotacachi,1003,41,0.299,-78.432,4,23,0,4,5,5,0,50,10.0,10.0,0.0
Imbabura,Ibarra,1001,167,0.346,-78.131,19,95,1,19,15,35,10,200,7.5,17.5,10.0
Imbabura,Otavalo,1004,52,0.232,-78.262,8,24,0,6,1,4,5,105,1.0,3.8,9.5
Imbabura,Pimampiro,1005,10,0.312,-77.967,1,7,0,0,1,1,0,50,2.0,2.0,0.0
Imbabura,San Miguel De Urcuquí,1006,17,0.441,-78.192,0,16,0,1,1,1,0,50,2.0,2.0,0.0
Loja,Calvas,1102,6,-3.603,-79.243,1,4,1,0,2,0,0,50,4.0,0.0,0.0
Loja,Catamayo,1103,24,-3.984,-79.354,0,19,1,6,2,6,3,50,4.0,12.0,12.0
Loja,Celica,1104,2,-4.093,-79.978,0,1,0,0,1,0,0,50,2.0,0.0,0.0
Loja,Chaguarpamba,1105,11,-3.852,-79.655,0,10,0,1,1,2,5,50,2.0,4.0,20.0
Loja,Espíndola,1106,6,-4.648,-79.419,0,5,0,0,0,1,1,50,0.0,2.0,4.0
Loja,Gonzanamá,1107,8,-3.115,-79.425,1,3,0,1,0,0,1,50,0.0,0.0,4.0
Loja,Loja,1101,141,-3.998,-79.205,15,91,1,21,14,35,10,245,5.7,14.3,8.2
Loja,Macará,1108,18,-4.38,-79.941,1,16,0,3,2,0,1,50,4.0,0.0,4.0
Loja,Olmedo,1116,4,-3.939,-79.425,0,2,0,4,10,6,1,50,20.0,12.0,4.0
Loja,Paltas,1109,4,-4.047,-79.559,0,3,0,0,0,0,0,50,0.0,0.0,0.0
Loja,Pindal,1114,2,-4.067,-79.778,0,2,0,1,0,0,0,50,0.0,0.0,0.0
Loja,Puyango,1110,6,-4.241,-80.084,0,3,0,0,3,0,0,50,6.0,0.0,0.0
Loja,Quilanga,1115,2,-4.047,-79.559,0,1,0,0,0,0,0,50,0.0,0.0,0.0
Loja,Saraguro,1111,10,-3.529,-79.243,2,5,0,1,0,0,2,50,0.0,0.0,8.0
Loja,Sozoranga,1112,1,-4.33,-79.805,1,0,0,0,0,0,0,50,0.0,0.0,0.0
Loja,Zapotillo,1113,8,-4.35,-80.253,0,5,0,2,3,0,0,50,6.0,0.0,0.0
Los Ríos,Baba,1202,167,-1.841,-79.534,3,154,0,34,23,44,19,50,46.0,88.0,76.0
Los Ríos,Babahoyo,1201,1026,-1.803,-79.534,14,959,4,172,246,297,87,162,151.9,183.3,107.4
Los Ríos,Buena Fe,1210,518,-0.912,-79.484,3,487,0,92,95,173,57,72,131.9,240.3,158.3
Los Ríos,Mocache,1212,165,-1.246,-79.637,2,154,0,42,21,48,13,50,42.0,96.0,52.0
Los Ríos,Montalvo,1203,94,-1.676,-79.534,0,90,0,9,11,36,23,50,22.0,72.0,92.0
Los Ríos,Palenque,1209,104,-1.267,-79.428,3,98,0,17,17,33,8,50,34.0,66.0,32.0
Los Ríos,Puebloviejo,1204,529,-1.889,-79.534,2,521,2,121,95,165,44,50,190.0,330.0,176.0
Los Ríos,Quevedo,1205,1079,-1.033,-79.449,9,1007,7,279,106,164,87,185,57.3,88.6,94.1
Los Ríos,Quinsaloma,1213,140,-1.345,-79.5,2,131,1,17,24,55,18,50,48.0,110.0,72.0
Los Ríos,Urdaneta,1206,216,-1.5,-79.5,2,199,4,41,15,81,36,50,30.0,162.0,144.0
Los Ríos,Valencia,1211,187,-0.84,-79.436,1,172,0,46,59,32,11,50,118.0,64.0,44.0
Los Ríos,Ventanas,1207,344,-1.446,-79.471,3,318,4,91,40,65,42,72,55.6,90.3,116.7
Los Ríos,Vinces,1208,332,-1.556,-79.752,10,305,5,49,65,83,44,76,85.5,109.2,115.8
Manabí,24 De Mayo,1316,45,-1.221,-80.353,2,42,0,7,1,10,10,50,2.0,20.0,40.0
Manabí,Bolívar,1302,80,0.503,-77.923,2,75,1,11,3,8,5,50,6.0,16.0,20.0
Manabí,Chone,1303,298,-0.698,-80.094,6,284,3,24,33,45,31,128,25.8,35.2,48.4
Manabí,El Carmen,1304,286,-0.28,-79.463,9,260,0,41,35,37,23,89,39.3,41.6,51.7
Manabí,Flavio Alfaro,1305,33,-0.302,-79.917,2,28,1,3,1,2,0,50,2.0,4.0,0.0
Manabí,Jama,1320,30,-0.151,-80.421,0,28,0,4,4,4,8,50,8.0,8.0,32.0
Manabí,Jaramijó,1321,91,-0.949,-80.646,2,86,3,15,15,30,10,50,30.0,60.0,40.0
Manabí,Jipijapa,1306,105,-1.344,-80.585,3,97,1,13,17,37,18,50,34.0,74.0,72.0
Manabí,Junín,1307,24,-1.046,-80.353,0,23,0,4,3,5,1,50,6.0,10.0,4.0
Manabí,Manta,1308,1380,-0.949,-80.746,14,1332,9,262,266,399,169,270,98.5,147.8,125.2
Manabí,Montecristi,1309,344,-1.046,-80.653,6,327,1,49,54,95,74,50,108.0,190.0,296.0
Manabí,Olmedo,1318,34,-3.939,-79.425,2,32,0,4,10,6,1,50,20.0,12.0,4.0
Manabí,Paján,1310,65,-1.4,-80.35,1,61,0,18,7,18,4,50,14.0,36.0,16.0
Manabí,Pedernales,1317,372,0.076,-80.053,3,352,1,116,28,48,23,55,50.9,87.3,83.6
Manabí,Pichincha,1311,65,-0.836,-80.192,2,63,0,2,17,15,2,50,34.0,30.0,8.0
Manabí,Portoviejo,1301,1183,-1.054,-80.454,8,1130,23,260,257,340,100,320,80.3,106.2,62.5
Manabí,Puerto López,1319,80,-1.557,-80.808,3,72,1,27,13,13,7,50,26.0,26.0,28.0
Manabí,Rocafuerte,1312,54,-0.895,-80.447,3,49,1,12,9,19,7,50,18.0,38.0,28.0
Manabí,San Vicente,1322,97,-0.701,-80.421,2,93,0,24,12,15,22,50,24.0,30.0,88.0
Manabí,Santa Ana,1313,113,-1.046,-80.353,0,107,2,14,17,28,19,50,34.0,56.0,76.0
Manabí,Sucre,1314,249,-0.775,-80.246,3,243,2,45,44,77,37,50,88.0,154.0,148.0
Manabí,Tosagua,1315,112,-0.775,-80.246,2,107,0,31,26,23,12,50,52.0,46.0,48.0
Morona Santiago,Gualaquiza,1402,15,-3.041,-78.572,2,8,0,2,5,3,0,50,10.0,6.0,0.0
Morona Santiago,Huamboya,1407,5,-1.4,-77.873,0,4,0,1,0,2,1,50,0.0,4.0,4.0
Morona Santiago,Limón Indanza,1403,11,-2.23,-78.3,0,8,0,2,1,1,2,50,2.0,2.0,8.0
Morona Santiago,Logroño,1410,2,-2.256,-78.168,1,1,0,0,0,0,0,50,0.0,0.0,0.0
Morona Santiago,Morona,1401,52,-2.034,-78.081,3,39,1,13,1,6,4,50,2.0,12.0,16.0
Morona Santiago,Pablo Sexto,1411,2,-2.256,-78.168,0,2,0,1,0,0,0,50,0.0,0.0,0.0
Morona Santiago,Palora,1404,18,-1.586,-77.873,0,16,0,4,0,3,3,50,0.0,6.0,12.0
Morona Santiago,San Juan Bosco,1408,3,-2.3,-78.3,1,2,0,1,0,1,0,50,0.0,2.0,0.0
Morona Santiago,Santiago,1405,4,-1.03,-78.547,0,2,0,1,0,0,0,50,0.0,0.0,0.0
Morona Santiago,Sucúa,1406,23,-2.256,-78.168,2,16,0,6,4,1,1,50,8.0,2.0,4.0
Morona Santiago,Taisha,1409,15,-1.931,-77.873,3,10,0,3,3,3,0,50,6.0,6.0,0.0
Morona Santiago,Tiwintza,1412,4,-2.256,-78.168,1,2,0,0,3,0,0,50,6.0,0.0,0.0
Napo,Archidona,1503,18,-0.829,-77.815,2,10,0,2,3,0,3,50,6.0,0.0,12.0
Napo,Carlos Julio Arosemena Tola,1509,9,-1.017,-77.733,0,8,0,0,2,0,3,50,4.0,0.0,12.0
Napo,El Chaco,1504,3,-0.312,-77.966,0,3,0,0,1,0,1,50,2.0,0.0,4.0
Napo,Quijos,1507,8,-0.312,-77.966,1,6,0,0,0,2,0,50,0.0,4.0,0.0
Napo,Tena,1501,78,-0.996,-77.816,6,58,0,13,7,17,6,62,11.3,27.4,19.4
Orellana,Aguarico,2202,1,-0.467,-76.987,0,1,0,0,0,0,0,50,0.0,0.0,0.0
Orellana,Francisco De Orellana,2201,289,-0.467,-76.987,18,247,0,23,62,99,36,80,77.5,123.8,90.0
Orellana,La Joya De Los Sachas,2203,156,-0.275,-76.637,5,138,1,28,45,29,14,50,90.0,58.0,56.0
Orellana,Loreto,2204,29,-0.603,-77.307,5,17,0,7,1,2,3,50,2.0,4.0,12.0
Pastaza,Arajuno,1604,5,-1.011,-77.963,0,4,0,0,0,0,0,50,0.0,0.0,0.0
Pastaza,Mera,1602,15,-1.421,-78.116,1,11,0,4,0,4,1,50,0.0,8.0,4.0
Pastaza,Pastaza,1601,89,-1.371,-77.968,4,71,0,26,2,15,9,50,4.0,30.0,36.0
Pastaza,Santa Clara,1603,4,-1.371,-77.968,0,3,0,0,0,1,0,50,0.0,2.0,0.0
Pichincha,Cayambe,1702,67,0.041,-78.16,11,32,1,8,12,10,5,85,14.1,11.8,11.8
Pichincha,Mejía,1703,59,-0.502,-78.567,7,32,0,4,7,9,3,81,8.6,11.1,7.4
Pichincha,Pedro Moncayo,1704,41,0.043,-78.264,6,27,0,4,3,3,7,50,6.0,6.0,28.0
Pichincha,Pedro Vicente Maldonado,1708,18,0.083,-79.052,0,18,0,2,1,4,0,13,7.7,30.8,0.0
Pichincha,Puerto Quito,1709,51,0.157,-79.075,1,43,0,1,6,17,3,50,12.0,34.0,12.0
Pichincha,Quito,1701,2174,-0.18,-78.467,113,577,6,294,249,271,119,2010,12.4,13.5,11.8
Pichincha,Rumiñahui,1705,55,-0.294,-78.443,8,24,3,12,6,7,3,50,12.0,14.0,12.0
Pichincha,San Miguel De Los Bancos,1707,16,0.0,-78.9,3,9,0,1,3,1,0,50,6.0,2.0,0.0
Santa Elena,La Libertad,2402,465,-2.223,-80.905,3,450,3,131,106,80,40,98,108.2,81.6,81.6
Santa Elena,Salinas,2403,245,-2.216,-80.968,3,232,3,56,36,49,32,70,51.4,70.0,91.4
Santa Elena,Santa Elena,2401,321,-2.226,-80.859,8,309,0,66,47,99,39,150,31.3,66.0,52.0
Sto Dgo De Los Tsáchilas,La Concordia,2302,140,-0.005,-79.392,1,112,1,42,13,16,17,51,25.5,31.4,66.7
Sto Dgo De Los Tsáchilas,Santo Domingo,2301,807,-0.253,-79.172,27,647,6,118,53,145,20,400,13.2,36.2,10.0
Sucumbíos,Cascales,2106,21,0.071,-77.125,3,13,0,8,0,1,0,50,0.0,2.0,0.0
Sucumbíos,Cuyabeno,2107,14,-0.167,-76.683,2,11,0,1,2,2,0,50,4.0,4.0,0.0
Sucumbíos,Gonzalo Pizarro,2102,11,0.35,-77.2,2,6,0,1,3,1,2,50,6.0,2.0,8.0
Sucumbíos,Lago Agrio,2101,497,0.086,-76.882,10,449,2,70,85,48,53,110,77.3,43.6,96.4
Sucumbíos,Putumayo,2103,35,0.131,-77.005,3,28,0,0,0,1,0,50,0.0,2.0,0.0
Sucumbíos,Shushufindi,2104,216,-0.167,-76.683,8,194,1,21,67,57,16,50,134.0,114.0,64.0
Sucumbíos,Sucumbíos,2105,4,0.2,-77.0,0,2,0,0,0,1,0,50,0.0,2.0,0.0
Tungurahua,Ambato,1801,247,-1.243,-78.62,25,184,2,20,46,40,22,380,12.1,10.5,11.6
Tungurahua,Baños De Agua Santa,1802,19,-1.395,-78.421,1,17,0,4,1,1,1,50,2.0,2.0,4.0
Tungurahua,Cevallos,1803,8,-1.18,-78.62,3,5,0,2,1,3,0,50,2.0,6.0,0.0
Tungurahua,Mocha,1804,1,-1.415,-78.62,1,0,0,0,0,0,0,50,0.0,0.0,0.0
Tungurahua,Patate,1805,8,-1.286,-78.55,0,7,0,0,1,6,0,50,2.0,12.0,0.0
Tungurahua,Quero,1806,1,-1.364,-78.62,0,0,0,0,0,0,0,50,0.0,0.0,0.0
Tungurahua,San Pedro De Pelileo,1807,25,-1.338,-78.547,2,21,0,3,6,6,0,50,12.0,12.0,0.0
Tungurahua,Santiago De Píllaro,1808,20,-1.03,-78.547,2,16,0,4,0,0,1,50,0.0,0.0,4.0
Tungurahua,Tisaleo,1809,5,-1.346,-78.62,0,5,0,1,0,2,0,50,0.0,4.0,0.0
Zamora Chinchipe,Centinela Del Cóndor,1907,6,-3.258,-78.64,1,1,0,1,1,1,1,50,2.0,2.0,4.0
Zamora Chinchipe,Chinchipe,1902,4,-4.648,-79.0,0,3,0,1,1,1,1,50,2.0,2.0,4.0
Zamora Chinchipe,El Pangui,1906,19,-3.4,-78.64,1,14,0,2,4,6,3,50,8.0,12.0,12.0
Zamora Chinchipe,Nangaritza,1903,6,-3.492,-78.64,1,4,0,0,0,1,0,50,0.0,2.0,0.0
Zamora Chinchipe,Palanda,1908,3,-4.648,-79.0,0,2,0,0,0,0,0,50,0.0,0.0,0.0
Zamora Chinchipe,Paquisha,1909,17,-3.564,-78.64,0,14,0,5,1,6,0,50,2.0,12.0,0.0
Zamora Chinchipe,Yantzaza,1905,19,-3.4,-78.64,1,10,0,3,2,6,1,50,4.0,12.0,4.0
Zamora Chinchipe,Zamora,1901,14,-4.069,-78.957,2,3,1,0,1,4,0,30,3.3,13.3,0.0
