provincia,canton,codigo_canton,total_homicidios,latitud,longitud,femicidios,asesinatos,sicariatos,homicidios_2023,homicidios_2024,homicidios_2025,homicidios_2026,poblacion_miles,homicide_rate_2024,homicide_rate_2025,homicide_rate_2026_proj,local_moran_i,lisa_quadrant,gi_star_z,gi_p_value,hotspot_label
Azuay,Camilo Ponce Enríquez,115,178,-2.838308121452818,-74.34491730088013,4,154,0,28,59,12,1,50,118.0,24.0,4.0,-0.0119,High outlier (HL),-0.0549,0.9562,not significant
Azuay,Chordeleg,111,4,-2.196775,-59.082945,0,4,0,0,0,0,3,50,0.0,0.0,12.0,0.9516,Coldspot (LL),-1.0876,0.2768,not significant
Azuay,Cuenca,101,325,-2.6168060122380874,-71.49328749137544,25,217,5,24,18,22,18,600,3.0,3.7,6.0,0.2695,Coldspot (LL),-0.9038,0.3661,not significant
Azuay,El Pan,112,2,-1.419685,-39.335215,1,0,0,0,0,0,0,50,0.0,0.0,0.0,0.624,Coldspot (LL),-0.4621,0.644,not significant
Azuay,Girón,102,5,-1.8942144318453944,-47.48287923018454,0,4,0,0,1,0,0,50,2.0,0.0,0.0,1.3979,Coldspot (LL),-2.2848,0.0223,coldspot (95%)
Azuay,Guachapala,114,1,-2.774391,-78.712974,1,0,0,0,0,0,0,50,0.0,0.0,0.0,1.7832,Coldspot (LL),-1.6461,0.0997,coldspot (90%)
Azuay,Gualaceo,103,15,-1.9354888210284076,-52.51743771244551,2,8,0,1,1,1,0,50,2.0,2.0,0.0,0.9922,Coldspot (LL),-1.5336,0.1251,not significant
Azuay,Nabón,104,8,-2.487935737984985,-59.34190623898555,1,3,0,0,0,1,0,50,0.0,2.0,0.0,0.7074,Coldspot (LL),-1.6711,0.0947,coldspot (90%)
Azuay,Paute,105,5,-2.7573602,-78.73647220000001,1,3,0,0,1,0,0,50,2.0,0.0,0.0,1.7244,Coldspot (LL),-1.5327,0.1254,not significant
Azuay,Pucará,106,12,-2.7417606666666665,-66.34308341666666,0,10,0,2,6,0,0,50,12.0,0.0,0.0,1.2074,Coldspot (LL),-1.7704,0.0767,coldspot (90%)
Azuay,Santa Isabel,108,15,-2.8377415274001208,-68.7659005122241,1,12,0,1,4,2,0,50,8.0,4.0,0.0,0.0506,Coldspot (LL),-0.2317,0.8167,not significant
Azuay,Sevilla De Oro,113,2,-2.777594549999995,-78.64916794999999,0,0,0,0,0,0,0,50,0.0,0.0,0.0,1.6865,Coldspot (LL),-1.9152,0.0555,coldspot (90%)
Azuay,Sígsig,109,10,-2.743760188002263,-70.9596695790195,3,5,0,2,1,1,0,50,2.0,2.0,0.0,0.2888,Coldspot (LL),-0.7475,0.4547,not significant
Bolívar,Caluma,206,20,-1.2193675467081326,-59.4443561944224,5,12,1,2,3,2,0,50,6.0,4.0,0.0,0.3481,Coldspot (LL),-1.0222,0.3067,not significant
Bolívar,Chillanes,202,22,-1.932564022660079,-75.56256142022112,1,17,0,5,1,9,0,50,2.0,18.0,0.0,0.074,Hotspot (HH),0.4047,0.6857,not significant
Bolívar,Chimbo,203,10,-1.3314534999999998,-63.2412517,0,8,0,0,4,0,1,50,8.0,0.0,4.0,0.9941,Coldspot (LL),-0.9368,0.3489,not significant
Bolívar,Echeandía,204,12,-0.7238129382825833,-39.64993902305567,2,7,3,0,2,2,0,50,4.0,4.0,0.0,0.6016,Coldspot (LL),-1.4035,0.1605,not significant
Bolívar,Guaranda,201,55,-1.4132335926101258,-73.27287005440999,3,43,0,6,8,3,2,86,9.3,3.5,4.7,-0.0681,Low outlier (LH),0.1831,0.8547,not significant
Bolívar,Las Naves,207,48,-1.2420375833333333,-77.66352049999999,0,48,0,6,11,21,8,50,22.0,42.0,32.0,0.9734,Hotspot (HH),1.983,0.0474,hotspot (95%)
Bolívar,San Miguel,205,20,-1.6756554860934734,-75.14444991743798,2,14,0,5,1,0,0,50,2.0,0.0,0.0,-0.5202,Low outlier (LH),0.9284,0.3532,not significant
Carchi,Bolívar,402,10,0.5026599015485227,-77.9226901009265,0,7,0,11,3,8,5,50,6.0,16.0,20.0,-0.2489,High outlier (HL),-1.6181,0.1056,not significant
Carchi,Espejo,403,5,0.6408571887529912,-77.94594597406885,1,2,0,0,0,0,0,50,0.0,0.0,0.0,0.184,Coldspot (LL),-0.2422,0.8086,not significant
Carchi,Mira,404,9,0.6480410092704418,-78.15323056802818,1,5,0,0,0,2,0,50,0.0,4.0,0.0,0.2716,Coldspot (LL),-1.2253,0.2205,not significant
Carchi,Montúfar,405,20,0.5339211987561757,-70.05161008604554,5,5,0,0,3,2,1,50,6.0,4.0,4.0,0.1985,Coldspot (LL),-0.6652,0.5059,not significant
Carchi,San Pedro De Huaca,406,2,0.5984984999999995,-77.7277125,0,1,0,0,0,1,0,50,0.0,2.0,0.0,0.3115,Coldspot (LL),-0.8621,0.3886,not significant
Carchi,Tulcán,401,66,0.7772593881081916,-74.26720535334013,7,36,0,13,5,8,5,96,5.2,8.3,10.4,-0.0042,Coldspot (LL),0.1056,0.9159,not significant
Cañar,Azogues,301,56,-2.750978719727407,-78.84966152606758,3,47,0,11,6,10,3,83,7.2,12.0,7.2,-0.0741,High outlier (HL),-1.158,0.2469,not significant
Cañar,Biblián,302,13,-2.7050908495135157,-78.89540691747051,1,8,0,1,0,5,0,50,0.0,10.0,0.0,-0.0115,High outlier (HL),-0.8583,0.3908,not significant
Cañar,Cañar,303,22,-2.4672563234627245,-79.07482826111818,2,16,0,2,3,4,2,50,6.0,8.0,8.0,0.13,Coldspot (LL),-1.3883,0.165,not significant
Cañar,Déleg,306,8,-2.760978874999997,-78.92124749999999,0,8,0,0,3,1,0,50,6.0,2.0,0.0,0.1145,Coldspot (LL),-0.2551,0.7987,not significant
Cañar,El Tambo,305,4,-2.5109809184379275,-78.93296249897443,0,3,0,1,0,0,0,50,0.0,0.0,0.0,0.8942,Coldspot (LL),-1.4495,0.1472,not significant
Cañar,La Troncal,304,564,-2.3401664484826936,-77.51239085475017,3,521,6,97,97,79,44,50,194.0,158.0,176.0,1.5596,Hotspot (HH),1.793,0.073,hotspot (90%)
Cañar,Suscal,307,1,-2.46361499999999,-79.065383,0,1,0,0,0,0,0,50,0.0,0.0,0.0,0.1443,Coldspot (LL),-0.1058,0.9157,not significant
Chimborazo,Alausí,602,16,-2.2243014355636026,-78.87171580312257,1,14,0,1,0,1,0,50,0.0,2.0,0.0,0.8337,Coldspot (LL),-1.4846,0.1376,not significant
Chimborazo,Chambo,604,5,-1.3901397999999978,-62.8745388,2,1,0,0,1,1,0,50,2.0,2.0,0.0,0.8718,Coldspot (LL),-1.6437,0.1002,not significant
Chimborazo,Chunchi,605,3,-2.299438240345824,-78.90453028790733,0,1,0,0,0,0,0,50,0.0,0.0,0.0,1.0065,Coldspot (LL),-1.0557,0.2911,not significant
Chimborazo,Colta,603,8,-1.3022175625,-59.093275125,2,3,0,0,1,1,0,50,2.0,2.0,0.0,0.4355,Coldspot (LL),-0.7842,0.4329,not significant
Chimborazo,Cumandá,610,19,-2.088271570644601,-74.96935311309547,0,18,0,7,0,2,0,50,0.0,4.0,0.0,-0.2395,Low outlier (LH),0.6195,0.5356,not significant
Chimborazo,Guamote,606,6,-1.341428031450165,-52.42600018243155,2,2,0,1,0,0,0,50,0.0,0.0,0.0,1.0695,Coldspot (LL),-0.8908,0.373,not significant
Chimborazo,Guano,607,19,-1.5201777941600942,-74.51989832575084,1,13,0,2,1,3,1,50,2.0,6.0,4.0,-0.0358,Low outlier (LH),0.2749,0.7834,not significant
Chimborazo,Pallatanga,608,7,-1.4136081578316886,-56.38643959095792,0,5,0,1,1,0,0,50,2.0,0.0,0.0,1.4603,Coldspot (LL),-2.1187,0.0341,coldspot (95%)
Chimborazo,Penipe,609,2,-1.511795,-78.50605999999999,0,2,0,0,0,2,0,50,0.0,4.0,0.0,0.1639,Coldspot (LL),-0.8786,0.3796,not significant
Chimborazo,Riobamba,601,101,-1.5392138923902254,-72.4278907725435,10,67,2,14,8,9,4,265,3.0,3.4,3.0,-0.2768,Low outlier (LH),0.9876,0.3234,not significant
Cotopaxi,La Maná,502,56,-0.8973155082217817,-76.39949253009296,5,47,0,7,5,9,1,50,10.0,18.0,4.0,0.3966,Hotspot (HH),1.6294,0.1032,not significant
Cotopaxi,Latacunga,501,191,-0.8446407179814278,-75.74366520745734,19,123,2,13,12,18,15,210,5.7,8.6,14.3,-0.0213,Low outlier (LH),0.516,0.6059,not significant
Cotopaxi,Pangua,503,24,-1.139679186877171,-79.18961816161278,4,17,0,4,3,7,1,50,6.0,14.0,4.0,0.1712,Hotspot (HH),1.8005,0.0718,hotspot (90%)
Cotopaxi,Pujilí,504,14,-0.942937732743812,-78.84414698466769,2,9,0,3,2,0,2,50,4.0,0.0,8.0,-0.6804,Low outlier (LH),1.0283,0.3038,not significant
Cotopaxi,Salcedo,505,44,-0.9851706836753008,-73.23954765447603,8,27,0,8,4,4,1,50,8.0,8.0,4.0,0.0236,Coldspot (LL),-0.5159,0.6059,not significant
Cotopaxi,Saquisilí,506,10,-0.8270927413250375,-78.70670948432922,3,6,0,2,0,3,0,50,0.0,6.0,0.0,0.0697,Low outlier (LH),-0.5944,0.5523,not significant
Cotopaxi,Sigchos,507,7,-0.6420015254643976,-78.9202884007727,0,4,0,0,1,0,1,50,2.0,0.0,4.0,-0.4556,Low outlier (LH),0.7001,0.4838,not significant
El Oro,Arenillas,702,178,-3.494368346081593,-78.72933301168864,0,163,1,44,21,25,37,50,42.0,50.0,148.0,0.4169,Hotspot (HH),0.8542,0.393,not significant
El Oro,Atahualpa,703,5,-3.5626792511574776,-79.68190191952782,0,5,0,1,1,1,0,50,2.0,2.0,0.0,0.6678,Coldspot (LL),-1.749,0.0803,coldspot (90%)
El Oro,Balsas,704,4,-3.748756999999995,-79.8483315,0,2,0,0,0,0,0,50,0.0,0.0,0.0,1.0403,Coldspot (LL),-1.4317,0.1522,not significant
El Oro,Chilla,705,3,-3.4574220666666604,-79.57776386666667,0,3,0,0,0,0,1,50,0.0,0.0,4.0,1.0437,Coldspot (LL),-1.2368,0.2162,not significant
El Oro,El Guabo,706,368,-3.0483364524308776,-76.14405461081832,8,336,7,38,85,88,48,50,170.0,176.0,192.0,1.1322,Hotspot (HH),1.4622,0.1437,not significant
El Oro,Huaquillas,707,488,-3.391584698072907,-78.25150705131851,14,451,5,113,62,87,76,52,119.2,167.3,292.3,1.871,Hotspot (HH),1.8193,0.0689,hotspot (90%)
El Oro,Las Lajas,714,4,-3.789486749380025,-80.0551898644472,1,3,0,1,0,0,0,50,0.0,0.0,0.0,1.7541,Coldspot (LL),-2.6893,0.0072,coldspot (99%)
El Oro,Machala,701,1500,-3.2024810485737345,-78.413535765783,16,1414,7,243,244,407,223,260,93.8,156.5,171.5,0.2321,Hotspot (HH),0.2962,0.7671,not significant
El Oro,Pasaje,709,446,-3.258742309734674,-78.01950609368889,5,422,2,76,99,83,61,82,120.7,101.2,148.8,0.6384,Hotspot (HH),1.1175,0.2638,not significant
El Oro,Piñas,710,14,-3.6672192676624,-79.76824140312195,1,10,0,2,2,2,1,50,4.0,4.0,4.0,0.4621,Coldspot (LL),-2.0283,0.0425,coldspot (95%)
El Oro,Portovelo,711,28,-3.58778422063196,-76.76434331263366,1,23,0,2,5,2,2,50,10.0,4.0,8.0,-0.1102,Low outlier (LH),0.3169,0.7513,not significant
El Oro,Santa Rosa,712,351,-3.380699876260556,-78.36274723868952,5,331,1,48,71,94,67,72,98.6,130.6,186.1,1.7339,Hotspot (HH),1.98,0.0477,hotspot (95%)
El Oro,Zaruma,713,26,-3.5259946421009647,-76.53800456435741,0,24,0,0,6,6,5,50,12.0,12.0,20.0,-0.0105,Hotspot (HH),-0.1148,0.9086,not significant
Esmeraldas,Atacames,806,165,0.8246886393988938,-77.43426120292547,4,145,0,38,24,22,8,42,57.1,52.4,38.1,0.0352,High outlier (HL),0.074,0.941,not significant
Esmeraldas,Eloy Alfaro,802,104,1.0509924647629805,-77.47232042440669,4,94,0,12,14,15,5,40,35.0,37.5,25.0,0.2566,High outlier (HL),0.5536,0.5799,not significant
Esmeraldas,Esmeraldas,801,1567,0.9258510228175696,-78.74575985557891,15,1465,15,315,194,258,117,218,89.0,118.3,107.3,-0.5664,High outlier (HL),-0.8217,0.4112,not significant
Esmeraldas,Muisne,803,52,0.5373026487539418,-78.43969400638004,1,44,0,7,6,2,7,50,12.0,4.0,28.0,0.0398,Low outlier (LH),-0.186,0.8525,not significant
Esmeraldas,Quinindé,804,308,0.3395039704361727,-77.3935830731923,8,266,1,65,27,36,18,135,20.0,26.7,26.7,-0.1721,Hotspot (HH),-0.6357,0.525,not significant
Esmeraldas,Rioverde,807,111,0.9609334697395258,-76.51596330942955,5,99,1,11,8,15,4,50,16.0,30.0,16.0,0.3528,Hotspot (HH),1.0153,0.31,not significant
Esmeraldas,San Lorenzo,805,273,1.2111730863989865,-76.19552156388069,7,251,0,30,25,17,13,44,56.8,38.6,59.1,0.4136,Hotspot (HH),0.7936,0.4274,not significant
Galápagos,Santa Cruz,2003,2,-0.6887896,-90.32733945,1,1,0,0,0,0,0,15,0.0,0.0,0.0,-0.5149,Low outlier (LH),0.9222,0.3564,not significant
Guayas,Alfredo Baquerizo Moreno (Juján),902,112,-1.9289864377241932,-78.85530221256435,3,106,0,24,20,24,13,50,40.0,48.0,52.0,-0.1747,High outlier (HL),-0.4517,0.6515,not significant
Guayas,Balao,903,180,-2.787189601138064,-76.65409503952547,1,174,1,44,35,58,5,50,70.0,116.0,20.0,1.2846,Hotspot (HH),2.2045,0.0275,hotspot (95%)
Guayas,Balzar,904,275,-1.2974110770588974,-78.41304327927486,5,256,6,45,34,74,16,53,64.2,139.6,60.4,0.2294,High outlier (HL),0.2773,0.7816,not significant
Guayas,Colimes,905,53,-1.4683359102221532,-77.04411049145286,3,49,0,8,10,8,6,50,20.0,16.0,24.0,0.342,Hotspot (HH),2.5985,0.0094,hotspot (99%)
Guayas,Coronel Marcelino Maridueña,923,42,-2.177890214285714,-77.5111030952381,1,38,0,7,12,12,2,50,24.0,24.0,8.0,0.6563,Hotspot (HH),2.5919,0.0095,hotspot (99%)
Guayas,Daule,906,525,-1.8560283267668007,-77.81980422593365,7,498,11,135,91,109,54,180,50.6,60.6,60.0,0.198,Hotspot (HH),0.4329,0.6651,not significant
Guayas,Durán,907,2013,-2.114665644040102,-77.80154472839834,18,1969,3,461,478,539,178,235,203.4,229.4,151.5,0.3308,Hotspot (HH),0.4227,0.6725,not significant
Guayas,El Empalme,908,353,-1.003824570407712,-77.83222605192977,4,339,2,27,51,96,41,50,102.0,192.0,164.0,1.3899,Hotspot (HH),1.993,0.0463,hotspot (95%)
Guayas,El Triunfo,909,269,-2.192597744127802,-74.96924369703777,6,237,20,42,31,16,18,50,62.0,32.0,72.0,-0.2807,High outlier (HL),-0.4677,0.64,not significant
Guayas,General Antonio Elizalde,927,38,-2.114780467717896,-77.11554195488645,1,35,0,5,7,13,5,50,14.0,26.0,20.0,0.6634,Hotspot (HH),1.6245,0.1043,not significant
Guayas,Guayaquil,901,11930,-2.1123416611161168,-77.18878656561407,68,11521,43,2382,1967,2569,1098,2720,72.3,94.4,80.7,0.8651,Hotspot (HH),0.9449,0.3447,not significant
Guayas,Isidro Ayora,928,38,-1.7857638911734477,-75.92336885856596,1,36,0,3,6,7,8,50,12.0,14.0,32.0,0.1757,Hotspot (HH),1.7568,0.0789,hotspot (90%)
Guayas,Lomas De Sargentillo,924,89,-1.873908841959204,-80.08614997658954,0,88,1,9,12,32,24,50,24.0,64.0,96.0,1.1545,Hotspot (HH),2.572,0.0101,hotspot (95%)
Guayas,Milagro,910,510,-2.054231518348359,-76.61532972702666,17,470,5,153,44,49,23,200,22.0,24.5,23.0,0.7663,Hotspot (HH),2.222,0.0263,hotspot (95%)
Guayas,Naranjal,911,654,-2.555856195014907,-77.66096470447717,3,618,11,143,140,142,55,50,280.0,284.0,220.0,0.9421,Hotspot (HH),1.0548,0.2915,not significant
Guayas,Naranjito,912,154,-2.091183519438345,-76.85602144307657,3,145,1,35,22,49,10,50,44.0,98.0,40.0,1.587,Hotspot (HH),2.0324,0.0421,hotspot (95%)
Guayas,Nobol,925,103,-1.9341594347732471,-79.24094968916755,3,97,2,21,29,18,13,50,58.0,36.0,52.0,-0.044,High outlier (HL),-0.1398,0.8888,not significant
Guayas,Palestina,913,60,-1.4960567554980788,-73.30517545360084,1,57,2,16,5,6,3,50,10.0,12.0,12.0,-0.0461,High outlier (HL),-0.4745,0.6351,not significant
Guayas,Pedro Carbo,914,105,-1.706220625454481,-75.65164305413286,3,99,0,31,14,13,12,50,28.0,26.0,48.0,0.1568,Hotspot (HH),0.5899,0.5552,not significant
Guayas,Playas,921,298,-2.6013765853635147,-79.57999448528211,2,292,1,80,65,88,37,50,130.0,176.0,148.0,-1.3174,High outlier (HL),-1.9111,0.056,coldspot (90%)
Guayas,Salitre,919,137,-1.764435225598722,-77.47308676491238,3,125,3,16,20,44,23,50,40.0,88.0,92.0,1.1951,Hotspot (HH),1.7514,0.0799,hotspot (90%)
Guayas,Samborondón,916,241,-1.9265533227771297,-77.46363796235444,7,229,0,37,59,41,46,105,56.2,39.0,87.6,0.8191,Hotspot (HH),2.2645,0.0235,hotspot (95%)
Guayas,San Jacinto De Yaguachi,920,353,-2.078354943644524,-76.73408584179083,4,340,2,98,54,76,22,50,108.0,152.0,88.0,1.4642,Hotspot (HH),1.5385,0.1239,not significant
Guayas,Santa Lucía,918,121,-1.5640510600352773,-72.71799865420179,3,116,1,11,22,32,28,50,44.0,64.0,112.0,-0.1715,High outlier (HL),-0.2821,0.7779,not significant
Guayas,Simón Bolívar,922,108,-1.9758407197531864,-77.21602264231802,2,101,0,12,19,25,21,50,38.0,50.0,84.0,0.8911,Hotspot (HH),1.872,0.0612,hotspot (90%)
Imbabura,Antonio Ante,1002,18,0.3048890816981414,-69.51059772121954,2,8,0,2,3,1,0,50,6.0,2.0,0.0,0.1094,Low outlier (LH),-0.3319,0.7399,not significant
Imbabura,Cotacachi,1003,41,0.3024453854004427,-76.73214066110175,4,23,0,4,5,5,0,50,10.0,10.0,0.0,0.0103,Hotspot (HH),1.0665,0.2862,not significant
Imbabura,Ibarra,1001,167,0.388724983094928,-74.40386647424803,19,95,1,19,15,35,10,200,7.5,17.5,10.0,0.0269,High outlier (HL),0.1783,0.8585,not significant
Imbabura,Otavalo,1004,52,0.2220252149130441,-73.74696980161897,8,24,0,6,1,4,5,105,1.0,3.8,9.5,0.261,Low outlier (LH),-0.7615,0.4464,not significant
Imbabura,Pimampiro,1005,10,0.3124303022662709,-70.15643372262147,1,7,0,0,1,1,0,50,2.0,2.0,0.0,-0.0241,Coldspot (LL),0.0541,0.9569,not significant
Imbabura,San Miguel De Urcuquí,1006,17,0.4412325374847641,-64.46198812283079,0,16,0,1,1,1,0,50,2.0,2.0,0.0,0.5552,Coldspot (LL),-1.7007,0.089,coldspot (90%)
Loja,Calvas,1102,6,-3.60339675,-66.30295819999999,1,4,1,0,2,0,0,50,4.0,0.0,0.0,1.1789,Coldspot (LL),-1.632,0.1027,not significant
Loja,Catamayo,1103,24,-3.99998454375,-79.34349549875,0,19,1,6,2,6,3,50,4.0,12.0,12.0,-0.1131,High outlier (HL),-2.1421,0.0322,coldspot (95%)
Loja,Celica,1104,2,-4.11076,-80.01942,0,1,0,0,1,0,0,50,2.0,0.0,0.0,1.8988,Coldspot (LL),-2.0618,0.0392,coldspot (95%)
Loja,Chaguarpamba,1105,11,-3.7931508181818185,-79.62856490909091,0,10,0,1,1,2,5,50,2.0,4.0,20.0,0.3885,Coldspot (LL),-2.0315,0.0422,coldspot (95%)
Loja,Espíndola,1106,6,-4.53529922875246,-79.43168778632464,0,5,0,0,0,1,1,50,0.0,2.0,4.0,0.9085,Coldspot (LL),-2.3277,0.0199,coldspot (95%)
Loja,Gonzanamá,1107,8,-3.1151663749999976,-59.577298875,1,3,0,1,0,0,1,50,0.0,0.0,4.0,0.0581,Coldspot (LL),-0.0503,0.9599,not significant
Loja,Loja,1101,141,-3.740031895672745,-74.16278372746545,15,91,1,21,14,35,10,245,5.7,14.3,8.2,0.0312,Hotspot (HH),0.2955,0.7676,not significant
Loja,Macará,1108,18,-4.140977950687442,-75.48089797808574,1,16,0,3,2,0,1,50,4.0,0.0,4.0,-0.7353,Low outlier (LH),1.2766,0.2017,not significant
Loja,Olmedo,1116,4,-2.938885,-59.722865,0,2,0,4,10,6,1,50,20.0,12.0,4.0,-0.1529,High outlier (HL),-1.5671,0.1171,not significant
Loja,Paltas,1109,4,-4.00366035011901,-79.71355558499472,0,3,0,0,0,0,0,50,0.0,0.0,0.0,1.3871,Coldspot (LL),-2.3837,0.0171,coldspot (95%)
Loja,Pindal,1114,2,-4.089862602906205,-80.1009483563563,0,2,0,1,0,0,0,50,0.0,0.0,0.0,1.8988,Coldspot (LL),-2.0004,0.0455,coldspot (95%)
Loja,Puyango,1110,6,-3.9559480066146464,-80.0017647229768,0,3,0,0,3,0,0,50,6.0,0.0,0.0,1.8335,Coldspot (LL),-2.8859,0.0039,coldspot (99%)
Loja,Quilanga,1115,2,-4.330254000382116,-79.38780551773326,0,1,0,0,0,0,0,50,0.0,0.0,0.0,1.128,Coldspot (LL),-1.6433,0.1003,not significant
Loja,Saraguro,1111,10,-2.529404499891109,-55.46182849560569,2,5,0,1,0,0,2,50,0.0,0.0,8.0,1.6148,Coldspot (LL),-2.1405,0.0323,coldspot (95%)
Loja,Sozoranga,1112,1,-4.31075620388129,-79.8108415614115,1,0,0,0,0,0,0,50,0.0,0.0,0.0,1.7998,Coldspot (LL),-3.0822,0.0021,coldspot (99%)
Loja,Zapotillo,1113,8,-4.31001,-80.31307749999999,0,5,0,2,3,0,0,50,6.0,0.0,0.0,1.8988,Coldspot (LL),-2.9758,0.0029,coldspot (99%)
Los Ríos,Baba,1202,167,-1.628770772648189,-76.79176668020582,3,154,0,34,23,44,19,50,46.0,88.0,76.0,1.7606,Hotspot (HH),3.3063,0.0009,hotspot (99%)
Los Ríos,Babahoyo,1201,1026,-1.7422298563302383,-76.46611535546688,14,959,4,172,246,297,87,162,151.9,183.3,107.4,2.4932,Hotspot (HH),3.3929,0.0007,hotspot (99%)
Los Ríos,Buena Fe,1210,518,-0.7584532419414339,-76.84999234403882,3,487,0,92,95,173,57,72,131.9,240.3,158.3,0.5038,Hotspot (HH),0.3916,0.6954,not significant
Los Ríos,Mocache,1212,165,-1.144565681435879,-77.60953735971603,2,154,0,42,21,48,13,50,42.0,96.0,52.0,1.7192,Hotspot (HH),1.4418,0.1494,not significant
Los Ríos,Montalvo,1203,94,-1.766754680893717,-77.61890019697516,0,90,0,9,11,36,23,50,22.0,72.0,92.0,1.0282,Hotspot (HH),1.7311,0.0834,hotspot (90%)
Los Ríos,Palenque,1209,104,-1.2669057775236576,-74.38385746546155,3,98,0,17,17,33,8,50,34.0,66.0,32.0,-0.564,High outlier (HL),-0.6881,0.4914,not significant
Los Ríos,Puebloviejo,1204,529,-1.5255164253925844,-76.54361916379683,2,521,2,121,95,165,44,50,190.0,330.0,176.0,3.1467,Hotspot (HH),1.7757,0.0758,hotspot (90%)
Los Ríos,Quevedo,1205,1079,-0.9847421131699592,-76.44536061041525,9,1007,7,279,106,164,87,185,57.3,88.6,94.1,0.6248,Hotspot (HH),0.6652,0.5059,not significant
Los Ríos,Quinsaloma,1213,140,-1.1500849501152846,-77.63598912386878,2,131,1,17,24,55,18,50,48.0,110.0,72.0,1.7119,Hotspot (HH),1.3796,0.1677,not significant
Los Ríos,Urdaneta,1206,216,-1.5163616954434276,-76.5030325014368,2,199,4,41,15,81,36,50,30.0,162.0,144.0,3.051,Hotspot (HH),2.252,0.0243,hotspot (95%)
Los Ríos,Valencia,1211,187,-0.8396131644789498,-74.26633395868261,1,172,0,46,59,32,11,50,118.0,64.0,44.0,0.2955,Hotspot (HH),0.6247,0.5322,not significant
Los Ríos,Ventanas,1207,344,-1.3521496613298574,-75.52434323517886,3,318,4,91,40,65,42,72,55.6,90.3,116.7,0.1127,High outlier (HL),0.0981,0.9218,not significant
Los Ríos,Vinces,1208,332,-1.491878620187845,-76.38796043716047,10,305,5,49,65,83,44,76,85.5,109.2,115.8,2.2797,Hotspot (HH),2.7674,0.0057,hotspot (99%)
Manabí,24 De Mayo,1316,45,-1.2211010733333327,-73.23849102222222,2,42,0,7,1,10,10,50,2.0,20.0,40.0,-0.1071,High outlier (HL),-0.5635,0.5731,not significant
Manabí,Bolívar,1302,80,-0.8622553302303408,-78.11772541598313,2,75,1,11,3,8,5,50,6.0,16.0,20.0,0.3396,Hotspot (HH),2.1513,0.0315,hotspot (95%)
Manabí,Chone,1303,298,-0.5930046965569788,-76.57836806459545,6,284,3,24,33,45,31,128,25.8,35.2,48.4,0.7389,Hotspot (HH),2.4601,0.0139,hotspot (95%)
Manabí,El Carmen,1304,286,-0.3367718453607144,-70.32738663549067,9,260,0,41,35,37,23,89,39.3,41.6,51.7,-0.063,High outlier (HL),-0.1465,0.8835,not significant
Manabí,Flavio Alfaro,1305,33,-0.3020678334873241,-62.92939596586411,2,28,1,3,1,2,0,50,2.0,4.0,0.0,0.4408,Coldspot (LL),-2.152,0.0314,coldspot (95%)
Manabí,Jama,1320,30,-0.1508409308019384,-74.871184195591,0,28,0,4,4,4,8,50,8.0,8.0,32.0,-0.0872,Low outlier (LH),1.8761,0.0606,hotspot (90%)
Manabí,Jaramijó,1321,91,-0.9062008775333236,-76.20565506822435,2,86,3,15,15,30,10,50,30.0,60.0,40.0,0.6619,Hotspot (HH),1.1902,0.234,not significant
Manabí,Jipijapa,1306,105,-1.318895198095238,-78.28759146095238,3,97,1,13,17,37,18,50,34.0,74.0,72.0,0.8312,Hotspot (HH),1.3725,0.1699,not significant
Manabí,Junín,1307,24,-0.8943729166666666,-76.85576083333333,0,23,0,4,3,5,1,50,6.0,10.0,4.0,0.0342,Hotspot (HH),2.0866,0.0369,hotspot (95%)
Manabí,Manta,1308,1380,-0.948763513395802,-79.01919283212817,14,1332,9,262,266,399,169,270,98.5,147.8,125.2,-0.7762,High outlier (HL),-1.0382,0.2992,not significant
Manabí,Montecristi,1309,344,-0.9969089603465614,-78.3428492466673,6,327,1,49,54,95,74,50,108.0,190.0,296.0,1.4178,Hotspot (HH),1.8988,0.0576,hotspot (90%)
Manabí,Olmedo,1318,34,-1.2951929411764709,-75.49770147058824,2,32,0,4,10,6,1,50,20.0,12.0,4.0,0.1342,High outlier (HL),1.2265,0.22,not significant
Manabí,Paján,1310,65,-1.5875236545967597,-79.17163969003718,1,61,0,18,7,18,4,50,14.0,36.0,16.0,0.3251,Hotspot (HH),1.05,0.2937,not significant
Manabí,Pedernales,1317,372,0.0769125151562179,-77.8690964325835,3,352,1,116,28,48,23,55,50.9,87.3,83.6,-0.8184,High outlier (HL),-1.5747,0.1153,not significant
Manabí,Pichincha,1311,65,-0.8362048512329692,-72.44309030020281,2,63,0,2,17,15,2,50,34.0,30.0,8.0,0.0369,Hotspot (HH),0.1388,0.8896,not significant
Manabí,Portoviejo,1301,1183,-1.019155923875391,-78.1339998212026,8,1130,23,260,257,340,100,320,80.3,106.2,62.5,1.1558,Hotspot (HH),1.6855,0.0919,hotspot (90%)
Manabí,Puerto López,1319,80,-1.5502675548144065,-78.77848103782672,3,72,1,27,13,13,7,50,26.0,26.0,28.0,-0.3836,High outlier (HL),-1.6172,0.1058,not significant
Manabí,Rocafuerte,1312,54,-0.8904739074074074,-77.46112737037038,3,49,1,12,9,19,7,50,18.0,38.0,28.0,0.8242,Hotspot (HH),2.3878,0.0169,hotspot (95%)
Manabí,San Vicente,1322,97,-0.5257512630730715,-78.73957051789473,2,93,0,24,12,15,22,50,24.0,30.0,88.0,-0.3653,Hotspot (HH),-1.078,0.281,not significant
Manabí,Santa Ana,1313,113,-1.1751482820052943,-78.86053832876799,0,107,2,14,17,28,19,50,34.0,56.0,76.0,-0.4895,High outlier (HL),-1.1936,0.2326,not significant
Manabí,Sucre,1314,249,-0.6479007765447208,-79.44442551895678,3,243,2,45,44,77,37,50,88.0,154.0,148.0,0.9919,Hotspot (HH),0.8488,0.396,not significant
Manabí,Tosagua,1315,112,-0.7750993379464285,-79.53387939357142,2,107,0,31,26,23,12,50,52.0,46.0,48.0,1.0518,Hotspot (HH),1.5864,0.1126,not significant
Morona Santiago,Gualaquiza,1402,15,-2.9711359466666667,-68.08341754,2,8,0,2,5,3,0,50,10.0,6.0,0.0,0.1013,Coldspot (LL),-0.7474,0.4548,not significant
Morona Santiago,Huamboya,1407,5,-1.972226,-77.967446,0,4,0,1,0,2,1,50,0.0,4.0,4.0,0.2663,Low outlier (LH),-0.8393,0.4013,not significant
Morona Santiago,Limón Indanza,1403,11,-3.040939958421076,-78.32973973506147,0,8,0,2,1,1,2,50,2.0,2.0,8.0,-0.4638,Low outlier (LH),1.3295,0.1837,not significant
Morona Santiago,Logroño,1410,2,-2.88210412350009,-77.91955580045496,1,1,0,0,0,0,0,50,0.0,0.0,0.0,0.613,Low outlier (LH),-0.8071,0.4196,not significant
Morona Santiago,Morona,1401,52,-2.034168799752485,-69.08075152814988,3,39,1,13,1,6,4,50,2.0,12.0,16.0,-0.0559,High outlier (HL),-1.0243,0.3057,not significant
Morona Santiago,Pablo Sexto,1411,2,-1.90762282393778,-78.01638331250255,0,2,0,1,0,0,0,50,0.0,0.0,0.0,0.0601,Low outlier (LH),-0.0564,0.955,not significant
Morona Santiago,Palora,1404,18,-1.5858082154372,-73.67978788406737,0,16,0,4,0,3,3,50,0.0,6.0,12.0,0.0075,Low outlier (LH),-0.0679,0.9459,not significant
Morona Santiago,San Juan Bosco,1408,3,-3.1333985096621166,-78.53159503161113,1,2,0,1,0,1,0,50,0.0,2.0,0.0,-0.5507,Low outlier (LH),1.3297,0.1836,not significant
Morona Santiago,Santiago,1405,4,-2.72885988513723,-78.32141716861675,0,2,0,1,0,0,0,50,0.0,0.0,0.0,1.5799,Coldspot (LL),-2.7277,0.0064,coldspot (99%)
Morona Santiago,Sucúa,1406,23,-2.256184656852315,-71.37112441811816,2,16,0,6,4,1,1,50,8.0,2.0,4.0,0.3298,Coldspot (LL),-0.7236,0.4693,not significant
Morona Santiago,Taisha,1409,15,-1.931303399999999,-61.97778,3,10,0,3,3,3,0,50,6.0,6.0,0.0,0.2395,Coldspot (LL),-1.9739,0.0484,coldspot (95%)
Morona Santiago,Tiwintza,1412,4,-2.925115,-77.729625,1,2,0,0,3,0,0,50,6.0,0.0,0.0,0.5158,Low outlier (LH),-0.6195,0.5356,not significant
Napo,Archidona,1503,18,-0.8287103578319372,-73.4687100723316,2,10,0,2,3,0,3,50,6.0,0.0,12.0,-0.1402,Low outlier (LH),0.203,0.8391,not significant
Napo,Carlos Julio Arosemena Tola,1509,9,-1.0165219333333333,-69.19592714444444,0,8,0,0,2,0,3,50,4.0,0.0,12.0,0.1641,Coldspot (LL),-0.1943,0.8459,not significant
Napo,El Chaco,1504,3,-0.2686945991196039,-77.71867390408833,0,3,0,0,1,0,1,50,2.0,0.0,4.0,-0.246,Low outlier (LH),0.3882,0.6979,not significant
Napo,Quijos,1507,8,-0.409822877350172,-78.0573100901239,1,6,0,0,0,2,0,50,0.0,4.0,0.0,-0.1385,Low outlier (LH),0.7106,0.4773,not significant
Napo,Tena,1501,78,-0.9752740290845094,-75.74943446846402,6,58,0,13,7,17,6,62,11.3,27.4,19.4,-0.0209,Hotspot (HH),-0.052,0.9585,not significant
Orellana,Aguarico,2202,1,-0.91053944507335,-75.4257774353027,0,1,0,0,0,0,0,50,0.0,0.0,0.0,-0.6095,Low outlier (LH),0.9619,0.3361,not significant
Orellana,Francisco De Orellana,2201,289,-0.432837394216701,-74.62552941060474,18,247,0,23,62,99,36,80,77.5,123.8,90.0,0.6199,Hotspot (HH),0.8992,0.3686,not significant
Orellana,La Joya De Los Sachas,2203,156,-0.274675579909655,-73.41283405555477,5,138,1,28,45,29,14,50,90.0,58.0,56.0,-0.1562,High outlier (HL),-0.281,0.7787,not significant
Orellana,Loreto,2204,29,-0.60305626798802,-66.64930807113002,5,17,0,7,1,2,3,50,2.0,4.0,12.0,0.2346,Coldspot (LL),-1.2966,0.1948,not significant
Pastaza,Arajuno,1604,5,-1.010600719796198,-61.96339736465397,0,4,0,0,0,0,0,50,0.0,0.0,0.0,0.8426,Coldspot (LL),-1.2736,0.2028,not significant
Pastaza,Mera,1602,15,-1.420723393045224,-72.84772910549722,1,11,0,4,0,4,1,50,0.0,8.0,4.0,-0.0399,Low outlier (LH),0.8186,0.413,not significant
Pastaza,Pastaza,1601,89,-1.3711101824507488,-70.96817704386766,4,71,0,26,2,15,9,50,4.0,30.0,36.0,-0.6143,High outlier (HL),-1.532,0.1255,not significant
Pastaza,Santa Clara,1603,4,-1.3028141049999975,-77.8990757225,0,3,0,0,0,1,0,50,0.0,2.0,0.0,-0.9115,Low outlier (LH),2.9128,0.0036,hotspot (99%)
Pichincha,Cayambe,1702,67,0.0246088047223711,-72.32593295787284,11,32,1,8,12,10,5,85,14.1,11.8,11.8,0.0447,Hotspot (HH),0.9115,0.362,not significant
Pichincha,Mejía,1703,59,-0.4005359921654107,-73.24955397898123,7,32,0,4,7,9,3,81,8.6,11.1,7.4,0.0338,High outlier (HL),0.702,0.4827,not significant
Pichincha,Pedro Moncayo,1704,41,0.0426473633393927,-68.70355705615532,6,27,0,4,3,3,7,50,6.0,6.0,28.0,0.0386,Coldspot (LL),-0.2503,0.8024,not significant
Pichincha,Pedro Vicente Maldonado,1708,18,0.0769623598325601,-70.27594270924189,0,18,0,2,1,4,0,13,7.7,30.8,0.0,-0.2481,High outlier (HL),-0.6448,0.5191,not significant
Pichincha,Puerto Quito,1709,51,0.157467688402343,-73.03268507737143,1,43,0,1,6,17,3,50,12.0,34.0,12.0,-0.0847,High outlier (HL),-0.2808,0.7789,not significant
Pichincha,Quito,1701,2174,-0.1892544787381859,-73.79959133236179,113,577,6,294,249,271,119,2010,12.4,13.5,11.8,-0.0584,High outlier (HL),-0.7121,0.4764,not significant
Pichincha,Rumiñahui,1705,55,-0.2936916941708535,-68.46602398639416,8,24,3,12,6,7,3,50,12.0,14.0,12.0,-0.0851,High outlier (HL),-0.6334,0.5265,not significant
Pichincha,San Miguel De Los Bancos,1707,16,-0.0001410387875564,-54.23705042151196,3,9,0,1,3,1,0,50,6.0,2.0,0.0,0.8869,Coldspot (LL),-2.6496,0.0081,coldspot (99%)
Santa Elena,La Libertad,2402,465,-2.235738467686809,-80.90477736827314,3,450,3,131,106,80,40,98,108.2,81.6,81.6,1.2881,Hotspot (HH),1.3633,0.1728,not significant
Santa Elena,Salinas,2403,245,-2.2434620548095814,-80.59544029617,3,232,3,56,36,49,32,70,51.4,70.0,91.4,1.2264,Hotspot (HH),1.5834,0.1133,not significant
Santa Elena,Santa Elena,2401,321,-2.162519351916436,-80.76855348318699,8,309,0,66,47,99,39,150,31.3,66.0,52.0,1.253,Hotspot (HH),1.6867,0.0917,hotspot (90%)
Sto Dgo De Los Tsáchilas,La Concordia,2302,140,-0.0103330664947938,-75.44851680247267,1,112,1,42,13,16,17,51,25.5,31.4,66.7,0.2359,High outlier (HL),0.5989,0.5492,not significant
Sto Dgo De Los Tsáchilas,Santo Domingo,2301,807,-0.2621238896886034,-75.28218852259297,27,647,6,118,53,145,20,400,13.2,36.2,10.0,0.2467,Hotspot (HH),0.6476,0.5172,not significant
Sucumbíos,Cascales,2106,21,0.0710974348700207,-73.49555554312049,3,13,0,8,0,1,0,50,0.0,2.0,0.0,-0.0136,Low outlier (LH),0.0425,0.9661,not significant
Sucumbíos,Cuyabeno,2107,14,-0.1454818706833211,-76.34287533985328,2,11,0,1,2,2,0,50,4.0,4.0,0.0,-0.4439,Low outlier (LH),1.9259,0.0541,hotspot (90%)
Sucumbíos,Gonzalo Pizarro,2102,11,-0.0188771559674735,-77.38045633508578,2,6,0,1,3,1,2,50,6.0,2.0,8.0,0.0654,Coldspot (LL),-0.1957,0.8449,not significant
Sucumbíos,Lago Agrio,2101,497,0.0986722896817757,-74.70150757821258,10,449,2,70,85,48,53,110,77.3,43.6,96.4,0.2767,Hotspot (HH),0.641,0.5215,not significant
Sucumbíos,Putumayo,2103,35,0.1305254368737552,-73.8303440844548,3,28,0,0,0,1,0,50,0.0,2.0,0.0,0.252,Low outlier (LH),-0.4666,0.6408,not significant
Sucumbíos,Shushufindi,2104,216,-0.2055931583817767,-76.65112271715257,8,194,1,21,67,57,16,50,134.0,114.0,64.0,0.3215,Hotspot (HH),0.4763,0.6338,not significant
Sucumbíos,Sucumbíos,2105,4,0.50356975,-77.5873665,0,2,0,0,0,1,0,50,0.0,2.0,0.0,0.1098,Low outlier (LH),-0.2867,0.7743,not significant
Tungurahua,Ambato,1801,247,-1.1657516208273202,-72.89499310310013,25,184,2,20,46,40,22,380,12.1,10.5,11.6,0.0054,Hotspot (HH),0.2451,0.8064,not significant
Tungurahua,Baños De Agua Santa,1802,19,-1.3264135789473674,-74.27270810526316,1,17,0,4,1,1,1,50,2.0,2.0,4.0,-0.5948,Coldspot (LL),1.0367,0.2999,not significant
Tungurahua,Cevallos,1803,8,-1.1804616,-68.7928069125,3,5,0,2,1,3,0,50,2.0,6.0,0.0,0.2002,Coldspot (LL),-1.3425,0.1794,not significant
Tungurahua,Mocha,1804,1,-1.40023,-78.64602,1,0,0,0,0,0,0,50,0.0,0.0,0.0,1.0736,Coldspot (LL),-1.2496,0.2115,not significant
Tungurahua,Patate,1805,8,-1.28892575,-78.491402375,0,7,0,0,1,6,0,50,2.0,12.0,0.0,0.0484,High outlier (HL),0.7832,0.4335,not significant
Tungurahua,Quero,1806,1,-1.37651,-78.61037,0,0,0,0,0,0,0,50,0.0,0.0,0.0,0.9742,Coldspot (LL),-1.2166,0.2238,not significant
Tungurahua,San Pedro De Pelileo,1807,25,-1.3663425386665624,-78.53077004191982,2,21,0,3,6,6,0,50,12.0,12.0,0.0,-0.0601,High outlier (HL),-1.1182,0.2635,not significant
Tungurahua,Santiago De Píllaro,1808,20,-1.029973670850968,-70.6939875771803,2,16,0,4,0,0,1,50,0.0,0.0,4.0,-0.5697,Coldspot (LL),0.6694,0.5032,not significant
Tungurahua,Tisaleo,1809,5,-1.358686631410598,-78.65021738316608,0,5,0,1,0,2,0,50,0.0,4.0,0.0,0.5287,Coldspot (LL),-1.9264,0.0541,coldspot (90%)
Zamora Chinchipe,Centinela Del Cóndor,1907,6,-3.2575258333333337,-65.62750483333333,1,1,0,1,1,1,1,50,2.0,2.0,4.0,0.61,Coldspot (LL),-0.9876,0.3234,not significant
Zamora Chinchipe,Chinchipe,1902,4,-4.8741175000000005,-79.0778125,0,3,0,1,1,1,1,50,2.0,2.0,4.0,0.8454,Coldspot (LL),-2.0691,0.0385,coldspot (95%)
Zamora Chinchipe,El Pangui,1906,19,-3.630144499999999,-78.56929234736842,1,14,0,2,4,6,3,50,8.0,12.0,12.0,0.1156,Hotspot (HH),1.8342,0.0666,hotspot (90%)
Zamora Chinchipe,Nangaritza,1903,6,-3.4916846400000003,-65.56558575999999,1,4,0,0,0,1,0,50,0.0,2.0,0.0,0.603,Coldspot (LL),-0.958,0.3381,not significant
Zamora Chinchipe,Palanda,1908,3,-4.56664857666666,-79.18132359333333,0,2,0,0,0,0,0,50,0.0,0.0,0.0,1.2277,Coldspot (LL),-1.7676,0.0771,coldspot (90%)
Zamora Chinchipe,Paquisha,1909,17,-3.564361125751779,-69.34013556342457,0,14,0,5,1,6,0,50,2.0,12.0,0.0,-0.0285,High outlier (HL),-0.5055,0.6132,not significant
Zamora Chinchipe,Yantzaza,1905,19,-3.400342851662022,-70.4549992879585,1,10,0,3,2,6,1,50,4.0,12.0,4.0,-0.0529,High outlier (HL),-0.9223,0.3564,not significant
Zamora Chinchipe,Zamora,1901,14,-3.7655471419101656,-73.29907564725194,2,3,1,0,1,4,0,30,3.3,13.3,0.0,0.0089,High outlier (HL),0.091,0.9275,not significant
